step,mean_reward,success_rate,total_episodes,fps
1001,9.528680938550679,0.0,32,327.8004166623318
2001,6.556265639430785,0.0,80,327.64505240327685
