step,mean_reward,success_rate,total_episodes,fps
1001,8.093334579626015,0.0,452,281.54060469209554
