step,mean_reward,success_rate,total_episodes,fps
1001,7.534161565505283,0.0,710,278.8810600526782
2001,7.509427358840561,0.0,1411,285.90053776362885
