step,mean_reward,success_rate,total_episodes,fps
1001,8.896883699153431,0.0,39,323.84014043645556
2001,7.133439131727552,0.0,85,328.87518728807703
3001,7.79328137161172,0.0,122,331.39852009641925
