step,mean_reward,success_rate,total_episodes,fps
1001,9.38656327776287,0.0,552,295.2938480660843
2001,9.340794143805633,0.0,1110,297.464910647843
