step,mean_reward,success_rate,total_episodes,fps
1001,9.609036544221453,0.0,32,314.22096512164586
2001,6.48890324452077,0.0,80,310.2190334172595
