step,mean_reward,success_rate,total_episodes,fps
1001,9.357995049216218,0.0,553,288.2415938554845
2001,9.338900909002458,0.0,1109,304.7227457469562
