step,mean_reward,success_rate,total_episodes,fps
1001,7.410373511241744,0.0,722,283.3637059843726
2001,7.507618436234051,0.0,1424,283.0844304487176
