step,mean_reward,success_rate,total_episodes,fps
1001,9.316618826487762,0.0,557,284.83006149988756
2001,9.306491420514915,0.0,1115,288.72370140463624
